latitude,longitude,population
34.22041672200281,71.47791638751762,787
34.22041672200281,71.48624972081763,982
34.21208338870281,71.47791638751762,961
34.21208338870281,71.48624972081763,1128
34.203750055402814,71.46124972091762,1755
34.203750055402814,71.46958305421762,1762
34.203750055402814,71.47791638751762,1389
34.19541672210281,71.45291638761763,1796
34.19541672210281,71.46124972091762,2500
34.19541672210281,71.46958305421762,2467
34.19541672210281,71.47791638751762,2169
34.19541672210281,71.48624972081763,2171
34.18708338880281,71.43624972101763,3004
34.18708338880281,71.44458305431763,2727
34.18708338880281,71.45291638761763,2603
34.18708338880281,71.46124972091762,2630
34.18708338880281,71.46958305421762,3233
34.18708338880281,71.47791638751762,3229
34.18708338880281,71.48624972081763,3057
34.18708338880281,71.49458305411763,2434
34.17875005550281,71.42791638771763,1790
34.17875005550281,71.43624972101763,2694
34.17875005550281,71.44458305431763,2292
34.17875005550281,71.45291638761763,1761
34.17875005550281,71.46124972091762,1215
34.17875005550281,71.46958305421762,1117
34.17875005550281,71.47791638751762,1120
34.17875005550281,71.48624972081763,1254
34.17875005550281,71.49458305411763,908
34.17875005550281,71.50291638741763,613
34.17875005550281,71.51124972071763,771
34.17875005550281,71.51958305401763,824
34.17875005550281,71.52791638731763,864
34.17041672220281,71.41958305441763,2296
34.17041672220281,71.42791638771763,2310
34.17041672220281,71.43624972101763,2313
34.17041672220281,71.44458305431763,1495
34.17041672220281,71.45291638761763,999
34.17041672220281,71.46124972091762,630
34.17041672220281,71.46958305421762,655
34.17041672220281,71.47791638751762,842
34.17041672220281,71.48624972081763,909
34.17041672220281,71.49458305411763,833
34.17041672220281,71.50291638741763,790
34.17041672220281,71.51124972071763,781
34.17041672220281,71.51958305401763,859
34.17041672220281,71.52791638731763,823
34.17041672220281,71.53624972061763,720
34.17041672220281,71.54458305391763,810
34.17041672220281,71.55291638721762,700
34.17041672220281,71.56124972051762,733
34.17041672220281,71.56958305381762,629
34.17041672220281,71.57791638711763,918
34.162083388902815,71.41958305441763,3751
34.162083388902815,71.42791638771763,3198
34.162083388902815,71.43624972101763,2885
34.162083388902815,71.44458305431763,2863
34.162083388902815,71.45291638761763,2217
34.162083388902815,71.46124972091762,1553
34.162083388902815,71.46958305421762,998
34.162083388902815,71.47791638751762,905
34.162083388902815,71.48624972081763,983
34.162083388902815,71.49458305411763,973
34.162083388902815,71.50291638741763,944
34.162083388902815,71.51124972071763,800
34.162083388902815,71.51958305401763,719
34.162083388902815,71.52791638731763,692
34.162083388902815,71.53624972061763,861
34.162083388902815,71.54458305391763,784
34.162083388902815,71.55291638721762,864
34.162083388902815,71.56124972051762,812
34.162083388902815,71.56958305381762,829
34.162083388902815,71.57791638711763,962
34.162083388902815,71.58624972041763,2090
34.162083388902815,71.59458305371763,3226
34.15375005560281,71.41958305441763,2464
34.15375005560281,71.42791638771763,1804
34.15375005560281,71.43624972101763,1800
34.15375005560281,71.44458305431763,2528
34.15375005560281,71.45291638761763,2826
34.15375005560281,71.46124972091762,1953
34.15375005560281,71.46958305421762,1146
34.15375005560281,71.47791638751762,1051
34.15375005560281,71.48624972081763,843
34.15375005560281,71.49458305411763,645
34.15375005560281,71.50291638741763,743
34.15375005560281,71.51124972071763,799
34.15375005560281,71.51958305401763,777
34.15375005560281,71.52791638731763,541
34.15375005560281,71.53624972061763,766
34.15375005560281,71.54458305391763,845
34.15375005560281,71.55291638721762,799
34.15375005560281,71.56124972051762,837
34.15375005560281,71.56958305381762,872
34.15375005560281,71.57791638711763,884
34.15375005560281,71.58624972041763,1282
34.15375005560281,71.59458305371763,2143
34.14541672230281,71.41958305441763,1962
34.14541672230281,71.42791638771763,1240
34.14541672230281,71.43624972101763,1230
34.14541672230281,71.44458305431763,1727
34.14541672230281,71.45291638761763,2307
34.14541672230281,71.46124972091762,1500
34.14541672230281,71.46958305421762,1239
34.14541672230281,71.47791638751762,1321
34.14541672230281,71.48624972081763,1027
34.14541672230281,71.49458305411763,856
34.14541672230281,71.50291638741763,710
34.14541672230281,71.51124972071763,834
34.14541672230281,71.51958305401763,684
34.14541672230281,71.52791638731763,651
34.14541672230281,71.53624972061763,705
34.14541672230281,71.54458305391763,717
34.14541672230281,71.55291638721762,757
34.14541672230281,71.56124972051762,823
34.14541672230281,71.56958305381762,833
34.14541672230281,71.57791638711763,878
34.14541672230281,71.58624972041763,971
34.14541672230281,71.59458305371763,1779
34.14541672230281,71.60291638701763,1927
34.14541672230281,71.61124972031763,1747
34.14541672230281,71.61958305361763,1418
34.13708338900281,71.41124972111763,2231
34.13708338900281,71.41958305441763,2209
34.13708338900281,71.42791638771763,1316
34.13708338900281,71.43624972101763,1009
34.13708338900281,71.44458305431763,1151
34.13708338900281,71.45291638761763,1490
34.13708338900281,71.46124972091762,1388
34.13708338900281,71.46958305421762,1075
34.13708338900281,71.47791638751762,1060
34.13708338900281,71.48624972081763,1074
34.13708338900281,71.49458305411763,1568
34.13708338900281,71.50291638741763,1864
34.13708338900281,71.51124972071763,1597
34.13708338900281,71.51958305401763,798
34.13708338900281,71.52791638731763,631
34.13708338900281,71.53624972061763,733
34.13708338900281,71.54458305391763,721
34.13708338900281,71.55291638721762,661
34.13708338900281,71.56124972051762,726
34.13708338900281,71.56958305381762,789
34.13708338900281,71.57791638711763,722
34.13708338900281,71.58624972041763,990
34.13708338900281,71.59458305371763,1692
34.13708338900281,71.60291638701763,2214
34.13708338900281,71.61124972031763,1901
34.13708338900281,71.61958305361763,1471
34.13708338900281,71.62791638691763,1366
34.13708338900281,71.63624972021763,1146
34.13708338900281,71.64458305351762,886
34.13708338900281,71.65291638681762,830
34.12875005570281,71.39458305451762,1278
34.12875005570281,71.40291638781763,1241
34.12875005570281,71.41124972111763,1168
34.12875005570281,71.41958305441763,1782
34.12875005570281,71.42791638771763,1258
34.12875005570281,71.43624972101763,987
34.12875005570281,71.44458305431763,1191
34.12875005570281,71.45291638761763,1525
34.12875005570281,71.46124972091762,1758
34.12875005570281,71.46958305421762,1280
34.12875005570281,71.47791638751762,1035
34.12875005570281,71.48624972081763,916
34.12875005570281,71.49458305411763,1196
34.12875005570281,71.50291638741763,1651
34.12875005570281,71.51124972071763,1766
34.12875005570281,71.51958305401763,971
34.12875005570281,71.52791638731763,523
34.12875005570281,71.53624972061763,606
34.12875005570281,71.54458305391763,520
34.12875005570281,71.55291638721762,517
34.12875005570281,71.56124972051762,745
34.12875005570281,71.56958305381762,812
34.12875005570281,71.57791638711763,685
34.12875005570281,71.58624972041763,954
34.12875005570281,71.59458305371763,1462
34.12875005570281,71.60291638701763,2738
34.12875005570281,71.61124972031763,3013
34.12875005570281,71.61958305361763,1892
34.12875005570281,71.62791638691763,1613
34.12875005570281,71.63624972021763,1368
34.12875005570281,71.64458305351762,1134
34.12875005570281,71.65291638681762,1214
34.12041672240281,71.38624972121762,1608
34.12041672240281,71.39458305451762,2084
34.12041672240281,71.40291638781763,1296
34.12041672240281,71.41124972111763,1574
34.12041672240281,71.41958305441763,1506
34.12041672240281,71.42791638771763,995
34.12041672240281,71.43624972101763,795
34.12041672240281,71.44458305431763,1015
34.12041672240281,71.45291638761763,1404
34.12041672240281,71.46124972091762,1747
34.12041672240281,71.46958305421762,1481
34.12041672240281,71.47791638751762,1051
34.12041672240281,71.48624972081763,778
34.12041672240281,71.49458305411763,834
34.12041672240281,71.50291638741763,1028
34.12041672240281,71.51124972071763,1354
34.12041672240281,71.51958305401763,1126
34.12041672240281,71.52791638731763,842
34.12041672240281,71.53624972061763,782
34.12041672240281,71.54458305391763,718
34.12041672240281,71.55291638721762,1101
34.12041672240281,71.56124972051762,1194
34.12041672240281,71.56958305381762,1195
34.12041672240281,71.57791638711763,860
34.12041672240281,71.58624972041763,998
34.12041672240281,71.59458305371763,1386
34.12041672240281,71.60291638701763,2571
34.12041672240281,71.61124972031763,2757
34.12041672240281,71.61958305361763,2044
34.12041672240281,71.62791638691763,2185
34.12041672240281,71.63624972021763,1854
34.12041672240281,71.64458305351762,1822
34.12041672240281,71.65291638681762,2246
34.12041672240281,71.66124972011762,1657
34.12041672240281,71.66958305341763,1353
34.112083389102814,71.38624972121762,1826
34.112083389102814,71.39458305451762,2474
34.112083389102814,71.40291638781763,2262
34.112083389102814,71.41124972111763,3001
34.112083389102814,71.41958305441763,2247
34.112083389102814,71.42791638771763,1592
34.112083389102814,71.43624972101763,1431
34.112083389102814,71.44458305431763,936
34.112083389102814,71.45291638761763,919
34.112083389102814,71.46124972091762,1339
34.112083389102814,71.46958305421762,2055
34.112083389102814,71.47791638751762,1996
34.112083389102814,71.48624972081763,1214
34.112083389102814,71.49458305411763,942
34.112083389102814,71.50291638741763,1106
34.112083389102814,71.51124972071763,1294
34.112083389102814,71.51958305401763,1073
34.112083389102814,71.52791638731763,924
34.112083389102814,71.53624972061763,792
34.112083389102814,71.54458305391763,990
34.112083389102814,71.55291638721762,1251
34.112083389102814,71.56124972051762,1524
34.112083389102814,71.56958305381762,1454
34.112083389102814,71.57791638711763,1311
34.112083389102814,71.58624972041763,1231
34.112083389102814,71.59458305371763,1876
34.112083389102814,71.60291638701763,2877
34.112083389102814,71.61124972031763,2170
34.112083389102814,71.61958305361763,1236
34.112083389102814,71.62791638691763,849
34.112083389102814,71.63624972021763,918
34.112083389102814,71.64458305351762,1091
34.112083389102814,71.65291638681762,1222
34.112083389102814,71.66124972011762,1098
34.112083389102814,71.66958305341763,927
34.112083389102814,71.67791638671763,965
34.10375005580281,71.38624972121762,1057
34.10375005580281,71.39458305451762,1303
34.10375005580281,71.40291638781763,1786
34.10375005580281,71.41124972111763,2754
34.10375005580281,71.41958305441763,2767
34.10375005580281,71.42791638771763,2552
34.10375005580281,71.43624972101763,2139
34.10375005580281,71.44458305431763,1694
34.10375005580281,71.45291638761763,1029
34.10375005580281,71.46124972091762,1050
34.10375005580281,71.46958305421762,2277
34.10375005580281,71.47791638751762,3317
34.10375005580281,71.48624972081763,2386
34.10375005580281,71.49458305411763,1393
34.10375005580281,71.50291638741763,1082
34.10375005580281,71.51124972071763,1231
34.10375005580281,71.51958305401763,1191
34.10375005580281,71.52791638731763,910
34.10375005580281,71.53624972061763,959
34.10375005580281,71.54458305391763,971
34.10375005580281,71.55291638721762,1045
34.10375005580281,71.56124972051762,1164
34.10375005580281,71.56958305381762,1226
34.10375005580281,71.57791638711763,1505
34.10375005580281,71.58624972041763,1543
34.10375005580281,71.59458305371763,1529
34.10375005580281,71.60291638701763,2005
34.10375005580281,71.61124972031763,2956
34.10375005580281,71.61958305361763,2185
34.10375005580281,71.62791638691763,1149
34.10375005580281,71.63624972021763,896
34.10375005580281,71.64458305351762,865
34.10375005580281,71.65291638681762,825
34.10375005580281,71.66124972011762,760
34.10375005580281,71.66958305341763,510
34.10375005580281,71.67791638671763,685
34.10375005580281,71.68624972001763,1109
34.10375005580281,71.69458305331763,1423
34.10375005580281,71.70291638661763,799
34.09541672250281,71.38624972121762,686
34.09541672250281,71.39458305451762,905
34.09541672250281,71.40291638781763,1258
34.09541672250281,71.41124972111763,1421
34.09541672250281,71.41958305441763,1638
34.09541672250281,71.42791638771763,1741
34.09541672250281,71.43624972101763,1748
34.09541672250281,71.44458305431763,1742
34.09541672250281,71.45291638761763,893
34.09541672250281,71.46124972091762,932
34.09541672250281,71.46958305421762,1599
34.09541672250281,71.47791638751762,2713
34.09541672250281,71.48624972081763,2555
34.09541672250281,71.49458305411763,1828
34.09541672250281,71.50291638741763,1411
34.09541672250281,71.51124972071763,1272
34.09541672250281,71.51958305401763,1225
34.09541672250281,71.52791638731763,1180
34.09541672250281,71.53624972061763,1017
34.09541672250281,71.54458305391763,1004
34.09541672250281,71.55291638721762,1087
34.09541672250281,71.56124972051762,1197
34.09541672250281,71.56958305381762,1422
34.09541672250281,71.57791638711763,1297
34.09541672250281,71.58624972041763,1146
34.09541672250281,71.59458305371763,1065
34.09541672250281,71.60291638701763,1761
34.09541672250281,71.61124972031763,2383
34.09541672250281,71.61958305361763,1802
34.09541672250281,71.62791638691763,1542
34.09541672250281,71.63624972021763,1372
34.09541672250281,71.64458305351762,1126
34.09541672250281,71.65291638681762,1072
34.09541672250281,71.66124972011762,910
34.09541672250281,71.66958305341763,659
34.09541672250281,71.67791638671763,967
34.09541672250281,71.68624972001763,1049
34.09541672250281,71.69458305331763,900
34.09541672250281,71.70291638661763,661
34.09541672250281,71.71124971991763,424
34.08708338920281,71.37791638791762,663
34.08708338920281,71.38624972121762,868
34.08708338920281,71.39458305451762,873
34.08708338920281,71.40291638781763,1089
34.08708338920281,71.41124972111763,1137
34.08708338920281,71.41958305441763,1008
34.08708338920281,71.42791638771763,927
34.08708338920281,71.43624972101763,1046
34.08708338920281,71.44458305431763,1540
34.08708338920281,71.45291638761763,1653
34.08708338920281,71.46124972091762,1478
34.08708338920281,71.46958305421762,1256
34.08708338920281,71.47791638751762,1536
34.08708338920281,71.48624972081763,1727
34.08708338920281,71.49458305411763,1468
34.08708338920281,71.50291638741763,1018
34.08708338920281,71.51124972071763,1075
34.08708338920281,71.51958305401763,1186
34.08708338920281,71.52791638731763,1288
34.08708338920281,71.53624972061763,1263
34.08708338920281,71.54458305391763,1742
34.08708338920281,71.55291638721762,1896
34.08708338920281,71.56124972051762,1897
34.08708338920281,71.56958305381762,1982
34.08708338920281,71.57791638711763,1882
34.08708338920281,71.58624972041763,1587
34.08708338920281,71.59458305371763,2067
34.08708338920281,71.60291638701763,2939
34.08708338920281,71.61124972031763,3393
34.08708338920281,71.61958305361763,2048
34.08708338920281,71.62791638691763,1297
34.08708338920281,71.63624972021763,1159
34.08708338920281,71.64458305351762,1454
34.08708338920281,71.65291638681762,1329
34.08708338920281,71.66124972011762,841
34.08708338920281,71.66958305341763,1078
34.08708338920281,71.67791638671763,1395
34.08708338920281,71.68624972001763,1144
34.08708338920281,71.69458305331763,770
34.07875005590281,71.37791638791762,924
34.07875005590281,71.38624972121762,1015
34.07875005590281,71.39458305451762,1013
34.07875005590281,71.40291638781763,985
34.07875005590281,71.41124972111763,688
34.07875005590281,71.41958305441763,751
34.07875005590281,71.42791638771763,787
34.07875005590281,71.43624972101763,941
34.07875005590281,71.44458305431763,1328
34.07875005590281,71.45291638761763,1820
34.07875005590281,71.46124972091762,1715
34.07875005590281,71.46958305421762,1386
34.07875005590281,71.47791638751762,1545
34.07875005590281,71.48624972081763,2005
34.07875005590281,71.49458305411763,2329
34.07875005590281,71.50291638741763,2061
34.07875005590281,71.51124972071763,1597
34.07875005590281,71.51958305401763,1308
34.07875005590281,71.52791638731763,1326
34.07875005590281,71.53624972061763,1347
34.07875005590281,71.54458305391763,1522
34.07875005590281,71.55291638721762,1925
34.07875005590281,71.56124972051762,2069
34.07875005590281,71.56958305381762,2088
34.07875005590281,71.57791638711763,2386
34.07875005590281,71.58624972041763,2949
34.07875005590281,71.59458305371763,4408
34.07875005590281,71.60291638701763,3717
34.07875005590281,71.61124972031763,2803
34.07875005590281,71.61958305361763,2376
34.07875005590281,71.62791638691763,1759
34.07875005590281,71.63624972021763,1073
34.07875005590281,71.64458305351762,1132
34.07875005590281,71.65291638681762,1105
34.07875005590281,71.66124972011762,1006
34.07875005590281,71.66958305341763,1234
34.07875005590281,71.67791638671763,1340
34.07875005590281,71.68624972001763,1003
34.07875005590281,71.69458305331763,866
34.070416722602815,71.37791638791762,791
34.070416722602815,71.38624972121762,1080
34.070416722602815,71.39458305451762,1196
34.070416722602815,71.40291638781763,933
34.070416722602815,71.41124972111763,652
34.070416722602815,71.41958305441763,854
34.070416722602815,71.42791638771763,805
34.070416722602815,71.43624972101763,871
34.070416722602815,71.44458305431763,988
34.070416722602815,71.45291638761763,1294
34.070416722602815,71.46124972091762,1301
34.070416722602815,71.46958305421762,1151
34.070416722602815,71.47791638751762,1514
34.070416722602815,71.48624972081763,2324
34.070416722602815,71.49458305411763,3595
34.070416722602815,71.50291638741763,3848
34.070416722602815,71.51124972071763,2697
34.070416722602815,71.51958305401763,1454
34.070416722602815,71.52791638731763,1402
34.070416722602815,71.53624972061763,1577
34.070416722602815,71.54458305391763,1460
34.070416722602815,71.55291638721762,1147
34.070416722602815,71.56124972051762,1192
34.070416722602815,71.56958305381762,1558
34.070416722602815,71.57791638711763,2605
34.070416722602815,71.58624972041763,3325
34.070416722602815,71.59458305371763,4333
34.070416722602815,71.60291638701763,2622
34.070416722602815,71.61124972031763,1880
34.070416722602815,71.61958305361763,1609
34.070416722602815,71.62791638691763,1771
34.070416722602815,71.63624972021763,1378
34.070416722602815,71.64458305351762,966
34.070416722602815,71.65291638681762,943
34.070416722602815,71.66124972011762,1309
34.070416722602815,71.66958305341763,1487
34.070416722602815,71.67791638671763,1065
34.070416722602815,71.68624972001763,949
34.070416722602815,71.69458305331763,948
34.06208338930281,71.38624972121762,938
34.06208338930281,71.39458305451762,1193
34.06208338930281,71.40291638781763,1138
34.06208338930281,71.41124972111763,1577
34.06208338930281,71.41958305441763,1359
34.06208338930281,71.42791638771763,914
34.06208338930281,71.43624972101763,827
34.06208338930281,71.44458305431763,960
34.06208338930281,71.45291638761763,1119
34.06208338930281,71.46124972091762,1291
34.06208338930281,71.46958305421762,1388
34.06208338930281,71.47791638751762,1278
34.06208338930281,71.48624972081763,1421
34.06208338930281,71.49458305411763,2017
34.06208338930281,71.50291638741763,2939
34.06208338930281,71.51124972071763,3295
34.06208338930281,71.51958305401763,2176
34.06208338930281,71.52791638731763,1645
34.06208338930281,71.53624972061763,2087
34.06208338930281,71.54458305391763,2184
34.06208338930281,71.55291638721762,1447
34.06208338930281,71.56124972051762,1329
34.06208338930281,71.56958305381762,1722
34.06208338930281,71.57791638711763,2733
34.06208338930281,71.58624972041763,4739
34.06208338930281,71.59458305371763,3564
34.06208338930281,71.60291638701763,2244
34.06208338930281,71.61124972031763,1609
34.06208338930281,71.61958305361763,1121
34.06208338930281,71.62791638691763,1222
34.06208338930281,71.63624972021763,1153
34.06208338930281,71.64458305351762,1074
34.06208338930281,71.65291638681762,1340
34.06208338930281,71.66124972011762,1813
34.06208338930281,71.66958305341763,1548
34.06208338930281,71.67791638671763,1101
34.06208338930281,71.68624972001763,1374
34.06208338930281,71.69458305331763,1411
34.05375005600281,71.38624972121762,1003
34.05375005600281,71.39458305451762,1151
34.05375005600281,71.40291638781763,1227
34.05375005600281,71.41124972111763,1830
34.05375005600281,71.41958305441763,1655
34.05375005600281,71.42791638771763,1141
34.05375005600281,71.43624972101763,1015
34.05375005600281,71.44458305431763,1223
34.05375005600281,71.45291638761763,1817
34.05375005600281,71.46124972091762,2556
34.05375005600281,71.46958305421762,2043
34.05375005600281,71.47791638751762,1652
34.05375005600281,71.48624972081763,1515
34.05375005600281,71.49458305411763,1212
34.05375005600281,71.50291638741763,1434
34.05375005600281,71.51124972071763,2712
34.05375005600281,71.51958305401763,3284
34.05375005600281,71.52791638731763,2251
34.05375005600281,71.53624972061763,2673
34.05375005600281,71.54458305391763,2967
34.05375005600281,71.55291638721762,1705
34.05375005600281,71.56124972051762,1888
34.05375005600281,71.56958305381762,2600
34.05375005600281,71.57791638711763,3847
34.05375005600281,71.58624972041763,4320
34.05375005600281,71.59458305371763,2592
34.05375005600281,71.60291638701763,2106
34.05375005600281,71.61124972031763,1672
34.05375005600281,71.61958305361763,1338
34.05375005600281,71.62791638691763,1431
34.05375005600281,71.63624972021763,1413
34.05375005600281,71.64458305351762,1308
34.05375005600281,71.65291638681762,1623
34.05375005600281,71.66124972011762,1773
34.05375005600281,71.66958305341763,1368
34.05375005600281,71.67791638671763,1363
34.05375005600281,71.68624972001763,2656
34.05375005600281,71.69458305331763,3068
34.05375005600281,71.70291638661763,2111
34.04541672270281,71.38624972121762,1213
34.04541672270281,71.39458305451762,1447
34.04541672270281,71.40291638781763,1157
34.04541672270281,71.41124972111763,1688
34.04541672270281,71.41958305441763,2063
34.04541672270281,71.42791638771763,1697
34.04541672270281,71.43624972101763,1368
34.04541672270281,71.44458305431763,1356
34.04541672270281,71.45291638761763,1947
34.04541672270281,71.46124972091762,2632
34.04541672270281,71.46958305421762,2044
34.04541672270281,71.47791638751762,2121
34.04541672270281,71.48624972081763,1800
34.04541672270281,71.49458305411763,1471
34.04541672270281,71.50291638741763,1275
34.04541672270281,71.51124972071763,1744
34.04541672270281,71.51958305401763,3578
34.04541672270281,71.52791638731763,3501
34.04541672270281,71.53624972061763,2754
34.04541672270281,71.54458305391763,3374
34.04541672270281,71.55291638721762,2233
34.04541672270281,71.56124972051762,1983
34.04541672270281,71.56958305381762,2916
34.04541672270281,71.57791638711763,5885
34.04541672270281,71.58624972041763,5035
34.04541672270281,71.59458305371763,2407
34.04541672270281,71.60291638701763,2223
34.04541672270281,71.61124972031763,2122
34.04541672270281,71.61958305361763,2070
34.04541672270281,71.62791638691763,2332
34.04541672270281,71.63624972021763,1991
34.04541672270281,71.64458305351762,1744
34.04541672270281,71.65291638681762,1562
34.04541672270281,71.66124972011762,1487
34.04541672270281,71.66958305341763,1286
34.04541672270281,71.67791638671763,1868
34.04541672270281,71.68624972001763,2864
34.04541672270281,71.69458305331763,2821
34.03708338940281,71.39458305451762,2195
34.03708338940281,71.40291638781763,1246
34.03708338940281,71.41124972111763,1363
34.03708338940281,71.41958305441763,2138
34.03708338940281,71.42791638771763,2372
34.03708338940281,71.43624972101763,2312
34.03708338940281,71.44458305431763,2471
34.03708338940281,71.45291638761763,1881
34.03708338940281,71.46124972091762,1729
34.03708338940281,71.46958305421762,1657
34.03708338940281,71.47791638751762,2141
34.03708338940281,71.48624972081763,2600
34.03708338940281,71.49458305411763,2037
34.03708338940281,71.50291638741763,1324
34.03708338940281,71.51124972071763,1618
34.03708338940281,71.51958305401763,3046
34.03708338940281,71.52791638731763,6120
34.03708338940281,71.53624972061763,5669
34.03708338940281,71.54458305391763,3766
34.03708338940281,71.55291638721762,2985
34.03708338940281,71.56124972051762,2913
34.03708338940281,71.56958305381762,3224
34.03708338940281,71.57791638711763,6859
34.03708338940281,71.58624972041763,7363
34.03708338940281,71.59458305371763,4858
34.03708338940281,71.60291638701763,4685
34.03708338940281,71.61124972031763,4373
34.03708338940281,71.61958305361763,2580
34.03708338940281,71.62791638691763,2477
34.03708338940281,71.63624972021763,2869
34.03708338940281,71.64458305351762,3719
34.03708338940281,71.65291638681762,2745
34.03708338940281,71.66124972011762,2059
34.03708338940281,71.66958305341763,1815
34.03708338940281,71.67791638671763,1641
34.03708338940281,71.68624972001763,1560
34.03708338940281,71.69458305331763,1249
34.03708338940281,71.70291638661763,841
34.02875005610281,71.39458305451762,2103
34.02875005610281,71.40291638781763,900
34.02875005610281,71.41124972111763,963
34.02875005610281,71.41958305441763,1479
34.02875005610281,71.42791638771763,1915
34.02875005610281,71.43624972101763,2394
34.02875005610281,71.44458305431763,2962
34.02875005610281,71.45291638761763,2647
34.02875005610281,71.46124972091762,1871
34.02875005610281,71.46958305421762,2614
34.02875005610281,71.47791638751762,3453
34.02875005610281,71.48624972081763,4260
34.02875005610281,71.49458305411763,3124
34.02875005610281,71.50291638741763,1860
34.02875005610281,71.51124972071763,2116
34.02875005610281,71.51958305401763,2501
34.02875005610281,71.52791638731763,6092
34.02875005610281,71.53624972061763,8774
34.02875005610281,71.54458305391763,6837
34.02875005610281,71.55291638721762,7680
34.02875005610281,71.56124972051762,8340
34.02875005610281,71.56958305381762,7998
34.02875005610281,71.57791638711763,9246
34.02875005610281,71.58624972041763,8894
34.02875005610281,71.59458305371763,8382
34.02875005610281,71.60291638701763,7039
34.02875005610281,71.61124972031763,7853
34.02875005610281,71.61958305361763,5184
34.02875005610281,71.62791638691763,4804
34.02875005610281,71.63624972021763,4149
34.02875005610281,71.64458305351762,4600
34.02875005610281,71.65291638681762,4129
34.02875005610281,71.66124972011762,3398
34.02875005610281,71.66958305341763,3092
34.02875005610281,71.67791638671763,2426
34.02875005610281,71.68624972001763,1751
34.02875005610281,71.69458305331763,1886
34.02875005610281,71.70291638661763,1782
34.02875005610281,71.71124971991763,1405
34.020416722802814,71.38624972121762,3012
34.020416722802814,71.39458305451762,1768
34.020416722802814,71.40291638781763,797
34.020416722802814,71.41124972111763,636
34.020416722802814,71.41958305441763,1223
34.020416722802814,71.42791638771763,1564
34.020416722802814,71.43624972101763,1638
34.020416722802814,71.44458305431763,1872
34.020416722802814,71.45291638761763,2742
34.020416722802814,71.46124972091762,2566
34.020416722802814,71.46958305421762,3201
34.020416722802814,71.47791638751762,7145
34.020416722802814,71.48624972081763,6409
34.020416722802814,71.49458305411763,4521
34.020416722802814,71.50291638741763,2928
34.020416722802814,71.51124972071763,2505
34.020416722802814,71.51958305401763,3081
34.020416722802814,71.52791638731763,5729
34.020416722802814,71.53624972061763,9572
34.020416722802814,71.54458305391763,9516
34.020416722802814,71.55291638721762,10087
34.020416722802814,71.56124972051762,8810
34.020416722802814,71.56958305381762,9519
34.020416722802814,71.57791638711763,9402
34.020416722802814,71.58624972041763,9499
34.020416722802814,71.59458305371763,9162
34.020416722802814,71.60291638701763,8346
34.020416722802814,71.61124972031763,9003
34.020416722802814,71.61958305361763,8589
34.020416722802814,71.62791638691763,6757
34.020416722802814,71.63624972021763,6202
34.020416722802814,71.64458305351762,5072
34.020416722802814,71.65291638681762,4738
34.020416722802814,71.66124972011762,5322
34.020416722802814,71.66958305341763,4055
34.020416722802814,71.67791638671763,3783
34.020416722802814,71.68624972001763,3248
34.020416722802814,71.69458305331763,3429
34.020416722802814,71.70291638661763,3807
34.020416722802814,71.71124971991763,3209
34.020416722802814,71.71958305321763,3607
34.01208338950281,71.38624972121762,2440
34.01208338950281,71.39458305451762,1759
34.01208338950281,71.40291638781763,1960
34.01208338950281,71.41124972111763,1585
34.01208338950281,71.41958305441763,2042
34.01208338950281,71.42791638771763,2846
34.01208338950281,71.43624972101763,2608
34.01208338950281,71.44458305431763,2194
34.01208338950281,71.45291638761763,2764
34.01208338950281,71.46124972091762,3681
34.01208338950281,71.46958305421762,3204
34.01208338950281,71.47791638751762,6409
34.01208338950281,71.48624972081763,7727
34.01208338950281,71.49458305411763,6445
34.01208338950281,71.50291638741763,7205
34.01208338950281,71.51124972071763,6619
34.01208338950281,71.51958305401763,6785
34.01208338950281,71.52791638731763,7951
34.01208338950281,71.53624972061763,9538
34.01208338950281,71.54458305391763,10514
34.01208338950281,71.55291638721762,10417
34.01208338950281,71.56124972051762,10663
34.01208338950281,71.56958305381762,10410
34.01208338950281,71.57791638711763,9435
34.01208338950281,71.58624972041763,10033
34.01208338950281,71.59458305371763,9512
34.01208338950281,71.60291638701763,9274
34.01208338950281,71.61124972031763,9157
34.01208338950281,71.61958305361763,8570
34.01208338950281,71.62791638691763,5176
34.01208338950281,71.63624972021763,4054
34.01208338950281,71.64458305351762,5140
34.01208338950281,71.65291638681762,4346
34.01208338950281,71.66124972011762,3658
34.01208338950281,71.66958305341763,3926
34.01208338950281,71.67791638671763,3497
34.01208338950281,71.68624972001763,2634
34.01208338950281,71.69458305331763,3030
34.01208338950281,71.70291638661763,3587
34.00375005620281,71.38624972121762,1751
34.00375005620281,71.39458305451762,2346
34.00375005620281,71.40291638781763,3584
34.00375005620281,71.41124972111763,4200
34.00375005620281,71.41958305441763,6010
34.00375005620281,71.42791638771763,6418
34.00375005620281,71.43624972101763,5535
34.00375005620281,71.44458305431763,4591
34.00375005620281,71.45291638761763,4779
34.00375005620281,71.46124972091762,5598
34.00375005620281,71.46958305421762,7541
34.00375005620281,71.47791638751762,8107
34.00375005620281,71.48624972081763,9360
34.00375005620281,71.49458305411763,8573
34.00375005620281,71.50291638741763,8510
34.00375005620281,71.51124972071763,7672
34.00375005620281,71.51958305401763,8120
34.00375005620281,71.52791638731763,10110
34.00375005620281,71.53624972061763,11073
34.00375005620281,71.54458305391763,10481
34.00375005620281,71.55291638721762,9612
34.00375005620281,71.56124972051762,8460
34.00375005620281,71.56958305381762,8111
34.00375005620281,71.57791638711763,8571
34.00375005620281,71.58624972041763,9319
34.00375005620281,71.59458305371763,9093
34.00375005620281,71.60291638701763,9016
34.00375005620281,71.61124972031763,6951
34.00375005620281,71.61958305361763,3882
34.00375005620281,71.62791638691763,2748
34.00375005620281,71.63624972021763,3086
34.00375005620281,71.64458305351762,4492
34.00375005620281,71.65291638681762,3788
34.00375005620281,71.66124972011762,1927
34.00375005620281,71.66958305341763,2065
34.00375005620281,71.67791638671763,2192
34.00375005620281,71.68624972001763,1701
34.00375005620281,71.69458305331763,2316
34.00375005620281,71.70291638661763,2278
34.00375005620281,71.71124971991763,1431
33.99541672290281,71.41124972111763,6649
33.99541672290281,71.41958305441763,8260
33.99541672290281,71.42791638771763,9496
33.99541672290281,71.43624972101763,9443
33.99541672290281,71.44458305431763,8922
33.99541672290281,71.45291638761763,9044
33.99541672290281,71.46124972091762,8722
33.99541672290281,71.46958305421762,9432
33.99541672290281,71.47791638751762,9620
33.99541672290281,71.48624972081763,9685
33.99541672290281,71.49458305411763,8818
33.99541672290281,71.50291638741763,7349
33.99541672290281,71.51124972071763,5338
33.99541672290281,71.51958305401763,6462
33.99541672290281,71.52791638731763,9778
33.99541672290281,71.53624972061763,10689
33.99541672290281,71.54458305391763,9112
33.99541672290281,71.55291638721762,8029
33.99541672290281,71.56124972051762,7747
33.99541672290281,71.56958305381762,6038
33.99541672290281,71.57791638711763,7921
33.99541672290281,71.58624972041763,7564
33.99541672290281,71.59458305371763,8136
33.99541672290281,71.60291638701763,8733
33.99541672290281,71.61124972031763,5616
33.99541672290281,71.61958305361763,3149
33.99541672290281,71.62791638691763,3155
33.99541672290281,71.63624972021763,3516
33.99541672290281,71.64458305351762,2309
33.99541672290281,71.65291638681762,2012
33.99541672290281,71.66124972011762,1505
33.99541672290281,71.66958305341763,1077
33.99541672290281,71.67791638671763,1025
33.99541672290281,71.68624972001763,1217
33.99541672290281,71.69458305331763,1413
33.99541672290281,71.70291638661763,1211
33.99541672290281,71.71124971991763,864
33.99541672290281,71.71958305321763,1059
33.98708338960281,71.41124972111763,2751
33.98708338960281,71.41958305441763,4967
33.98708338960281,71.42791638771763,7391
33.98708338960281,71.43624972101763,8964
33.98708338960281,71.44458305431763,9561
33.98708338960281,71.45291638761763,9232
33.98708338960281,71.46124972091762,8123
33.98708338960281,71.46958305421762,6510
33.98708338960281,71.47791638751762,7439
33.98708338960281,71.48624972081763,9094
33.98708338960281,71.49458305411763,7462
33.98708338960281,71.50291638741763,5913
33.98708338960281,71.51124972071763,6407
33.98708338960281,71.51958305401763,8465
33.98708338960281,71.52791638731763,10522
33.98708338960281,71.53624972061763,8986
33.98708338960281,71.54458305391763,7062
33.98708338960281,71.55291638721762,7284
33.98708338960281,71.56124972051762,8737
33.98708338960281,71.56958305381762,7620
33.98708338960281,71.57791638711763,8618
33.98708338960281,71.58624972041763,8552
33.98708338960281,71.59458305371763,6519
33.98708338960281,71.60291638701763,6034
33.98708338960281,71.61124972031763,2887
33.98708338960281,71.61958305361763,2330
33.98708338960281,71.62791638691763,4094
33.98708338960281,71.63624972021763,4246
33.98708338960281,71.64458305351762,2496
33.98708338960281,71.65291638681762,1990
33.98708338960281,71.66124972011762,1586
33.98708338960281,71.66958305341763,1323
33.98708338960281,71.67791638671763,1124
33.98708338960281,71.68624972001763,997
33.98708338960281,71.69458305331763,1224
33.98708338960281,71.70291638661763,885
33.978750056302815,71.41958305441763,4193
33.978750056302815,71.42791638771763,6426
33.978750056302815,71.43624972101763,8580
33.978750056302815,71.44458305431763,9628
33.978750056302815,71.45291638761763,8352
33.978750056302815,71.46124972091762,5021
33.978750056302815,71.46958305421762,5687
33.978750056302815,71.47791638751762,7439
33.978750056302815,71.48624972081763,6284
33.978750056302815,71.49458305411763,4942
33.978750056302815,71.50291638741763,4719
33.978750056302815,71.51124972071763,7581
33.978750056302815,71.51958305401763,7019
33.978750056302815,71.52791638731763,8209
33.978750056302815,71.53624972061763,6150
33.978750056302815,71.54458305391763,4778
33.978750056302815,71.55291638721762,6249
33.978750056302815,71.56124972051762,8651
33.978750056302815,71.56958305381762,7004
33.978750056302815,71.57791638711763,4534
33.978750056302815,71.58624972041763,4498
33.978750056302815,71.59458305371763,2185
33.978750056302815,71.60291638701763,2753
33.978750056302815,71.61124972031763,2622
33.978750056302815,71.61958305361763,1903
33.978750056302815,71.62791638691763,3219
33.978750056302815,71.63624972021763,4184
33.978750056302815,71.64458305351762,3648
33.978750056302815,71.65291638681762,2880
33.978750056302815,71.66124972011762,1907
33.978750056302815,71.66958305341763,1645
33.978750056302815,71.67791638671763,1667
33.978750056302815,71.68624972001763,1704
33.978750056302815,71.69458305331763,1667
33.978750056302815,71.70291638661763,1485
33.978750056302815,71.77791638631763,1091
33.97041672300281,71.41958305441763,6840
33.97041672300281,71.42791638771763,6763
33.97041672300281,71.43624972101763,7132
33.97041672300281,71.44458305431763,7803
33.97041672300281,71.45291638761763,5608
33.97041672300281,71.46124972091762,3875
33.97041672300281,71.46958305421762,4674
33.97041672300281,71.47791638751762,4327
33.97041672300281,71.48624972081763,3366
33.97041672300281,71.49458305411763,3135
33.97041672300281,71.50291638741763,2909
33.97041672300281,71.51124972071763,5325
33.97041672300281,71.51958305401763,6258
33.97041672300281,71.52791638731763,4834
33.97041672300281,71.53624972061763,4070
33.97041672300281,71.54458305391763,4568
33.97041672300281,71.55291638721762,6282
33.97041672300281,71.56124972051762,7030
33.97041672300281,71.56958305381762,3985
33.97041672300281,71.57791638711763,2047
33.97041672300281,71.58624972041763,1881
33.97041672300281,71.59458305371763,1706
33.97041672300281,71.60291638701763,3000
33.97041672300281,71.61124972031763,3703
33.97041672300281,71.61958305361763,3204
33.97041672300281,71.62791638691763,2720
33.97041672300281,71.63624972021763,2222
33.97041672300281,71.64458305351762,2269
33.97041672300281,71.65291638681762,1720
33.97041672300281,71.66124972011762,1629
33.97041672300281,71.66958305341763,2133
33.97041672300281,71.67791638671763,2333
33.97041672300281,71.68624972001763,1788
33.97041672300281,71.69458305331763,1380
33.97041672300281,71.70291638661763,1586
33.97041672300281,71.71124971991763,1463
33.97041672300281,71.71958305321763,1160
33.97041672300281,71.72791638651763,1497
33.97041672300281,71.73624971981762,1424
33.97041672300281,71.74458305311762,1243
33.97041672300281,71.75291638641762,1387
33.97041672300281,71.76124971971763,1350
33.97041672300281,71.76958305301763,1043
33.97041672300281,71.77791638631763,859
33.96208338970281,71.41958305441763,8259
33.96208338970281,71.42791638771763,6242
33.96208338970281,71.43624972101763,6439
33.96208338970281,71.44458305431763,5846
33.96208338970281,71.45291638761763,3446
33.96208338970281,71.46124972091762,3264
33.96208338970281,71.46958305421762,3501
33.96208338970281,71.47791638751762,2115
33.96208338970281,71.48624972081763,1579
33.96208338970281,71.49458305411763,3084
33.96208338970281,71.50291638741763,4194
33.96208338970281,71.51124972071763,4168
33.96208338970281,71.51958305401763,3689
33.96208338970281,71.52791638731763,2965
33.96208338970281,71.53624972061763,2921
33.96208338970281,71.54458305391763,4134
33.96208338970281,71.55291638721762,4948
33.96208338970281,71.56124972051762,5708
33.96208338970281,71.56958305381762,4777
33.96208338970281,71.57791638711763,4638
33.96208338970281,71.58624972041763,2164
33.96208338970281,71.59458305371763,1842
33.96208338970281,71.60291638701763,3727
33.96208338970281,71.61124972031763,3690
33.96208338970281,71.61958305361763,2531
33.96208338970281,71.62791638691763,1424
33.96208338970281,71.63624972021763,1549
33.96208338970281,71.64458305351762,1378
33.96208338970281,71.65291638681762,1644
33.96208338970281,71.66124972011762,2240
33.96208338970281,71.66958305341763,2552
33.96208338970281,71.67791638671763,1757
33.96208338970281,71.68624972001763,1500
33.96208338970281,71.69458305331763,1008
33.96208338970281,71.70291638661763,1960
33.96208338970281,71.71124971991763,2336
33.96208338970281,71.71958305321763,1725
33.96208338970281,71.72791638651763,2109
33.96208338970281,71.73624971981762,1700
33.96208338970281,71.74458305311762,1414
33.96208338970281,71.75291638641762,1099
33.96208338970281,71.76124971971763,825
33.96208338970281,71.76958305301763,844
33.95375005640281,71.42791638771763,6633
33.95375005640281,71.43624972101763,6077
33.95375005640281,71.44458305431763,3677
33.95375005640281,71.45291638761763,2058
33.95375005640281,71.46124972091762,2061
33.95375005640281,71.46958305421762,1844
33.95375005640281,71.47791638751762,1647
33.95375005640281,71.48624972081763,1626
33.95375005640281,71.49458305411763,3209
33.95375005640281,71.50291638741763,2846
33.95375005640281,71.51124972071763,2280
33.95375005640281,71.51958305401763,2162
33.95375005640281,71.52791638731763,1409
33.95375005640281,71.53624972061763,2263
33.95375005640281,71.54458305391763,2696
33.95375005640281,71.55291638721762,2943
33.95375005640281,71.56124972051762,3584
33.95375005640281,71.56958305381762,2974
33.95375005640281,71.57791638711763,3147
33.95375005640281,71.58624972041763,1848
33.95375005640281,71.59458305371763,1923
33.95375005640281,71.60291638701763,2398
33.95375005640281,71.61124972031763,1977
33.95375005640281,71.61958305361763,1069
33.95375005640281,71.62791638691763,907
33.95375005640281,71.63624972021763,1047
33.95375005640281,71.64458305351762,1138
33.95375005640281,71.65291638681762,1160
33.95375005640281,71.66124972011762,1372
33.95375005640281,71.66958305341763,1798
33.95375005640281,71.67791638671763,2125
33.95375005640281,71.68624972001763,1716
33.95375005640281,71.69458305331763,825
33.95375005640281,71.70291638661763,1164
33.95375005640281,71.71124971991763,1434
33.95375005640281,71.71958305321763,1256
33.95375005640281,71.72791638651763,1537
33.95375005640281,71.73624971981762,1527
33.95375005640281,71.74458305311762,1346
33.95375005640281,71.75291638641762,1207
33.95375005640281,71.76124971971763,728
33.95375005640281,71.76958305301763,838
33.94541672310281,71.42791638771763,2301
33.94541672310281,71.43624972101763,3750
33.94541672310281,71.44458305431763,2028
33.94541672310281,71.45291638761763,1149
33.94541672310281,71.46124972091762,815
33.94541672310281,71.46958305421762,1273
33.94541672310281,71.47791638751762,1723
33.94541672310281,71.48624972081763,2822
33.94541672310281,71.49458305411763,2774
33.94541672310281,71.50291638741763,1828
33.94541672310281,71.51124972071763,1214
33.94541672310281,71.51958305401763,1001
33.94541672310281,71.52791638731763,777
33.94541672310281,71.53624972061763,1518
33.94541672310281,71.54458305391763,2389
33.94541672310281,71.55291638721762,3948
33.94541672310281,71.56124972051762,2418
33.94541672310281,71.56958305381762,836
33.94541672310281,71.57791638711763,838
33.94541672310281,71.58624972041763,1147
33.94541672310281,71.59458305371763,1252
33.94541672310281,71.60291638701763,1009
33.94541672310281,71.61124972031763,775
33.94541672310281,71.61958305361763,691
33.94541672310281,71.62791638691763,683
33.94541672310281,71.63624972021763,691
33.94541672310281,71.64458305351762,740
33.94541672310281,71.65291638681762,597
33.94541672310281,71.66124972011762,711
33.94541672310281,71.66958305341763,992
33.94541672310281,71.67791638671763,1357
33.94541672310281,71.68624972001763,852
33.94541672310281,71.69458305331763,480
33.94541672310281,71.70291638661763,610
33.94541672310281,71.71124971991763,746
33.94541672310281,71.71958305321763,714
33.94541672310281,71.72791638651763,830
33.94541672310281,71.73624971981762,898
33.94541672310281,71.74458305311762,884
33.94541672310281,71.75291638641762,1257
33.94541672310281,71.76124971971763,1045
33.94541672310281,71.76958305301763,767
33.93708338980281,71.43624972101763,1285
33.93708338980281,71.44458305431763,1383
33.93708338980281,71.45291638761763,1251
33.93708338980281,71.46124972091762,1226
33.93708338980281,71.46958305421762,2048
33.93708338980281,71.47791638751762,2763
33.93708338980281,71.48624972081763,4298
33.93708338980281,71.49458305411763,2928
33.93708338980281,71.50291638741763,2037
33.93708338980281,71.51124972071763,2231
33.93708338980281,71.51958305401763,1877
33.93708338980281,71.52791638731763,1311
33.93708338980281,71.53624972061763,1419
33.93708338980281,71.54458305391763,3533
33.93708338980281,71.55291638721762,4353
33.93708338980281,71.56124972051762,2203
33.93708338980281,71.56958305381762,936
33.93708338980281,71.57791638711763,624
33.93708338980281,71.58624972041763,651
33.93708338980281,71.59458305371763,724
33.93708338980281,71.60291638701763,721
33.93708338980281,71.61124972031763,708
33.93708338980281,71.61958305361763,632
33.93708338980281,71.62791638691763,665
33.93708338980281,71.63624972021763,627
33.93708338980281,71.64458305351762,577
33.93708338980281,71.65291638681762,577
33.93708338980281,71.66124972011762,525
33.93708338980281,71.66958305341763,815
33.93708338980281,71.67791638671763,959
33.93708338980281,71.68624972001763,889
33.93708338980281,71.69458305331763,494
33.93708338980281,71.70291638661763,411
33.93708338980281,71.71124971991763,402
33.93708338980281,71.71958305321763,560
33.93708338980281,71.72791638651763,588
33.93708338980281,71.73624971981762,579
33.93708338980281,71.74458305311762,600
33.93708338980281,71.75291638641762,869
33.93708338980281,71.76124971971763,1303
33.93708338980281,71.76958305301763,1182
33.928750056502814,71.44458305431763,1298
33.928750056502814,71.45291638761763,2177
33.928750056502814,71.46124972091762,2491
33.928750056502814,71.46958305421762,2357
33.928750056502814,71.47791638751762,2940
33.928750056502814,71.48624972081763,2800
33.928750056502814,71.49458305411763,2456
33.928750056502814,71.50291638741763,2792
33.928750056502814,71.51124972071763,2256
33.928750056502814,71.51958305401763,2105
33.928750056502814,71.52791638731763,1145
33.928750056502814,71.53624972061763,1166
33.928750056502814,71.54458305391763,2633
33.928750056502814,71.55291638721762,3494
33.928750056502814,71.56124972051762,3476
33.928750056502814,71.56958305381762,1910
33.928750056502814,71.57791638711763,953
33.928750056502814,71.58624972041763,993
33.928750056502814,71.59458305371763,756
33.928750056502814,71.60291638701763,599
33.928750056502814,71.61124972031763,627
33.928750056502814,71.61958305361763,608
33.928750056502814,71.62791638691763,541
33.928750056502814,71.63624972021763,547
33.928750056502814,71.64458305351762,414
33.928750056502814,71.65291638681762,628
33.928750056502814,71.66124972011762,727
33.928750056502814,71.66958305341763,883
33.928750056502814,71.67791638671763,1201
33.928750056502814,71.68624972001763,1677
33.928750056502814,71.69458305331763,785
33.928750056502814,71.70291638661763,424
33.928750056502814,71.71124971991763,404
33.928750056502814,71.71958305321763,689
33.928750056502814,71.72791638651763,1023
33.928750056502814,71.73624971981762,973
33.928750056502814,71.74458305311762,725
33.928750056502814,71.75291638641762,901
33.928750056502814,71.76124971971763,858
33.928750056502814,71.76958305301763,746
33.92041672320281,71.45291638761763,2562
33.92041672320281,71.46124972091762,3901
33.92041672320281,71.46958305421762,3638
33.92041672320281,71.47791638751762,2575
33.92041672320281,71.48624972081763,1773
33.92041672320281,71.49458305411763,2044
33.92041672320281,71.50291638741763,2544
33.92041672320281,71.51124972071763,2140
33.92041672320281,71.51958305401763,1088
33.92041672320281,71.52791638731763,663
33.92041672320281,71.53624972061763,673
33.92041672320281,71.54458305391763,1240
33.92041672320281,71.55291638721762,2972
33.92041672320281,71.56124972051762,3622
33.92041672320281,71.56958305381762,1729
33.92041672320281,71.57791638711763,920
33.92041672320281,71.58624972041763,707
33.92041672320281,71.59458305371763,653
33.92041672320281,71.60291638701763,652
33.92041672320281,71.61124972031763,768
33.92041672320281,71.61958305361763,616
33.92041672320281,71.62791638691763,532
33.92041672320281,71.63624972021763,460
33.92041672320281,71.64458305351762,456
33.92041672320281,71.65291638681762,720
33.92041672320281,71.66124972011762,811
33.92041672320281,71.66958305341763,584
33.92041672320281,71.67791638671763,1092
33.92041672320281,71.68624972001763,1761
33.92041672320281,71.69458305331763,975
33.92041672320281,71.70291638661763,812
33.92041672320281,71.71124971991763,855
33.92041672320281,71.71958305321763,1125
33.92041672320281,71.72791638651763,1120
33.92041672320281,71.73624971981762,875
33.92041672320281,71.74458305311762,687
33.92041672320281,71.75291638641762,586
33.92041672320281,71.76124971971763,585
33.92041672320281,71.76958305301763,458
33.91208338990281,71.45291638761763,4110
33.91208338990281,71.46124972091762,4213
33.91208338990281,71.46958305421762,3985
33.91208338990281,71.47791638751762,2520
33.91208338990281,71.48624972081763,2366
33.91208338990281,71.49458305411763,1722
33.91208338990281,71.50291638741763,1953
33.91208338990281,71.51124972071763,1252
33.91208338990281,71.51958305401763,602
33.91208338990281,71.52791638731763,557
33.91208338990281,71.53624972061763,894
33.91208338990281,71.54458305391763,1626
33.91208338990281,71.55291638721762,3850
33.91208338990281,71.56124972051762,3531
33.91208338990281,71.56958305381762,1522
33.91208338990281,71.57791638711763,800
33.91208338990281,71.58624972041763,612
33.91208338990281,71.59458305371763,760
33.91208338990281,71.60291638701763,719
33.91208338990281,71.61124972031763,720
33.91208338990281,71.61958305361763,658
33.91208338990281,71.62791638691763,863
33.91208338990281,71.63624972021763,855
33.91208338990281,71.64458305351762,604
33.91208338990281,71.65291638681762,662
33.91208338990281,71.66124972011762,629
33.91208338990281,71.66958305341763,782
33.91208338990281,71.67791638671763,991
33.91208338990281,71.68624972001763,1802
33.91208338990281,71.69458305331763,2738
33.91208338990281,71.70291638661763,2340
33.91208338990281,71.71124971991763,1362
33.91208338990281,71.71958305321763,951
33.91208338990281,71.72791638651763,593
33.91208338990281,71.73624971981762,449
33.91208338990281,71.74458305311762,355
33.91208338990281,71.75291638641762,431
33.91208338990281,71.76124971971763,389
33.91208338990281,71.76958305301763,362
33.90375005660281,71.45291638761763,3333
33.90375005660281,71.46124972091762,2728
33.90375005660281,71.46958305421762,2771
33.90375005660281,71.47791638751762,2092
33.90375005660281,71.48624972081763,1870
33.90375005660281,71.49458305411763,1650
33.90375005660281,71.50291638741763,1908
33.90375005660281,71.51124972071763,1273
33.90375005660281,71.51958305401763,648
33.90375005660281,71.52791638731763,965
33.90375005660281,71.53624972061763,2069
33.90375005660281,71.54458305391763,3715
33.90375005660281,71.55291638721762,3142
33.90375005660281,71.56124972051762,3240
33.90375005660281,71.56958305381762,1868
33.90375005660281,71.57791638711763,1009
33.90375005660281,71.58624972041763,949
33.90375005660281,71.59458305371763,649
33.90375005660281,71.60291638701763,554
33.90375005660281,71.61124972031763,469
33.90375005660281,71.61958305361763,573
33.90375005660281,71.62791638691763,713
33.90375005660281,71.63624972021763,861
33.90375005660281,71.64458305351762,611
33.90375005660281,71.65291638681762,658
33.90375005660281,71.66124972011762,652
33.90375005660281,71.66958305341763,934
33.90375005660281,71.67791638671763,1067
33.90375005660281,71.68624972001763,1732
33.90375005660281,71.69458305331763,2327
33.90375005660281,71.70291638661763,1746
33.90375005660281,71.71124971991763,978
33.90375005660281,71.71958305321763,560
33.90375005660281,71.72791638651763,421
33.90375005660281,71.73624971981762,480
33.90375005660281,71.74458305311762,413
33.90375005660281,71.75291638641762,548
33.90375005660281,71.76124971971763,431
33.90375005660281,71.76958305301763,332
33.89541672330281,71.44458305431763,1571
33.89541672330281,71.45291638761763,1152
33.89541672330281,71.46124972091762,1006
33.89541672330281,71.46958305421762,895
33.89541672330281,71.47791638751762,878
33.89541672330281,71.48624972081763,947
33.89541672330281,71.49458305411763,1079
33.89541672330281,71.50291638741763,1050
33.89541672330281,71.51124972071763,1106
33.89541672330281,71.51958305401763,725
33.89541672330281,71.52791638731763,910
33.89541672330281,71.53624972061763,1407
33.89541672330281,71.54458305391763,2234
33.89541672330281,71.55291638721762,1552
33.89541672330281,71.56124972051762,1945
33.89541672330281,71.56958305381762,1327
33.89541672330281,71.57791638711763,878
33.89541672330281,71.58624972041763,905
33.89541672330281,71.59458305371763,604
33.89541672330281,71.60291638701763,485
33.89541672330281,71.61124972031763,468
33.89541672330281,71.61958305361763,545
33.89541672330281,71.62791638691763,721
33.89541672330281,71.63624972021763,624
33.89541672330281,71.64458305351762,767
33.89541672330281,71.65291638681762,771
33.89541672330281,71.66124972011762,696
33.89541672330281,71.66958305341763,710
33.89541672330281,71.67791638671763,643
33.89541672330281,71.68624972001763,874
33.89541672330281,71.69458305331763,786
33.89541672330281,71.70291638661763,1018
33.89541672330281,71.71124971991763,598
33.89541672330281,71.71958305321763,584
33.89541672330281,71.72791638651763,567
33.89541672330281,71.73624971981762,633
33.89541672330281,71.74458305311762,590
33.89541672330281,71.75291638641762,527
33.89541672330281,71.76124971971763,469
33.887083390002815,71.43624972101763,1726
33.887083390002815,71.44458305431763,776
33.887083390002815,71.45291638761763,633
33.887083390002815,71.46124972091762,610
33.887083390002815,71.46958305421762,684
33.887083390002815,71.47791638751762,713
33.887083390002815,71.48624972081763,838
33.887083390002815,71.49458305411763,892
33.887083390002815,71.50291638741763,967
33.887083390002815,71.51124972071763,885
33.887083390002815,71.51958305401763,771
33.887083390002815,71.52791638731763,895
33.887083390002815,71.53624972061763,815
33.887083390002815,71.54458305391763,813
33.887083390002815,71.55291638721762,1156
33.887083390002815,71.56124972051762,1447
33.887083390002815,71.56958305381762,920
33.887083390002815,71.57791638711763,479
33.887083390002815,71.58624972041763,606
33.887083390002815,71.59458305371763,676
33.887083390002815,71.60291638701763,593
33.887083390002815,71.61124972031763,470
33.887083390002815,71.61958305361763,471
33.887083390002815,71.62791638691763,561
33.887083390002815,71.63624972021763,751
33.887083390002815,71.64458305351762,900
33.887083390002815,71.65291638681762,960
33.887083390002815,71.66124972011762,584
33.887083390002815,71.66958305341763,489
33.887083390002815,71.67791638671763,514
33.887083390002815,71.68624972001763,716
33.887083390002815,71.69458305331763,692
33.887083390002815,71.70291638661763,1538
33.887083390002815,71.71124971991763,1776
33.887083390002815,71.71958305321763,1578
33.887083390002815,71.72791638651763,1023
33.887083390002815,71.73624971981762,892
33.887083390002815,71.74458305311762,618
33.887083390002815,71.75291638641762,369
33.887083390002815,71.76124971971763,298
33.87875005670281,71.43624972101763,1140
33.87875005670281,71.44458305431763,627
33.87875005670281,71.45291638761763,552
33.87875005670281,71.46124972091762,546
33.87875005670281,71.46958305421762,581
33.87875005670281,71.47791638751762,494
33.87875005670281,71.48624972081763,543
33.87875005670281,71.49458305411763,537
33.87875005670281,71.50291638741763,494
33.87875005670281,71.51124972071763,652
33.87875005670281,71.51958305401763,744
33.87875005670281,71.52791638731763,1207
33.87875005670281,71.53624972061763,1320
33.87875005670281,71.54458305391763,960
33.87875005670281,71.55291638721762,1031
33.87875005670281,71.56124972051762,1261
33.87875005670281,71.56958305381762,784
33.87875005670281,71.57791638711763,609
33.87875005670281,71.58624972041763,664
33.87875005670281,71.59458305371763,801
33.87875005670281,71.60291638701763,569
33.87875005670281,71.61124972031763,386
33.87875005670281,71.61958305361763,390
33.87875005670281,71.62791638691763,549
33.87875005670281,71.63624972021763,830
33.87875005670281,71.64458305351762,989
33.87875005670281,71.65291638681762,690
33.87875005670281,71.66124972011762,541
33.87875005670281,71.66958305341763,534
33.87875005670281,71.67791638671763,594
33.87875005670281,71.68624972001763,814
33.87875005670281,71.69458305331763,1158
33.87875005670281,71.70291638661763,2368
33.87875005670281,71.71124971991763,3036
33.87875005670281,71.71958305321763,2090
33.87875005670281,71.72791638651763,1059
33.87875005670281,71.73624971981762,1166
33.87875005670281,71.74458305311762,803
33.87875005670281,71.75291638641762,391
33.87875005670281,71.76124971971763,317
33.87875005670281,71.76958305301763,344
33.87041672340281,71.43624972101763,1365
33.87041672340281,71.44458305431763,631
33.87041672340281,71.45291638761763,477
33.87041672340281,71.46124972091762,488
33.87041672340281,71.46958305421762,441
33.87041672340281,71.47791638751762,468
33.87041672340281,71.48624972081763,488
33.87041672340281,71.49458305411763,475
33.87041672340281,71.50291638741763,517
33.87041672340281,71.51124972071763,499
33.87041672340281,71.51958305401763,600
33.87041672340281,71.52791638731763,1426
33.87041672340281,71.53624972061763,2236
33.87041672340281,71.54458305391763,1049
33.87041672340281,71.55291638721762,1005
33.87041672340281,71.56124972051762,1940
33.87041672340281,71.56958305381762,1087
33.87041672340281,71.57791638711763,736
33.87041672340281,71.58624972041763,636
33.87041672340281,71.59458305371763,629
33.87041672340281,71.60291638701763,402
33.87041672340281,71.61124972031763,335
33.87041672340281,71.61958305361763,367
33.87041672340281,71.62791638691763,461
33.87041672340281,71.63624972021763,560
33.87041672340281,71.64458305351762,494
33.87041672340281,71.65291638681762,381
33.87041672340281,71.66124972011762,389
33.87041672340281,71.66958305341763,528
33.87041672340281,71.67791638671763,794
33.87041672340281,71.68624972001763,788
33.87041672340281,71.69458305331763,953
33.87041672340281,71.70291638661763,1013
33.87041672340281,71.71124971991763,1557
33.87041672340281,71.71958305321763,1233
33.87041672340281,71.72791638651763,677
33.87041672340281,71.73624971981762,609
33.87041672340281,71.74458305311762,567
33.87041672340281,71.75291638641762,395
33.87041672340281,71.76124971971763,472
33.87041672340281,71.76958305301763,562
33.86208339010281,71.44458305431763,1074
33.86208339010281,71.45291638761763,468
33.86208339010281,71.46124972091762,405
33.86208339010281,71.46958305421762,365
33.86208339010281,71.47791638751762,377
33.86208339010281,71.48624972081763,461
33.86208339010281,71.49458305411763,432
33.86208339010281,71.50291638741763,460
33.86208339010281,71.51124972071763,485
33.86208339010281,71.51958305401763,606
33.86208339010281,71.52791638731763,869
33.86208339010281,71.53624972061763,1109
33.86208339010281,71.54458305391763,764
33.86208339010281,71.55291638721762,1164
33.86208339010281,71.56124972051762,2308
33.86208339010281,71.56958305381762,2101
33.86208339010281,71.57791638711763,1203
33.86208339010281,71.58624972041763,866
33.86208339010281,71.59458305371763,630
33.86208339010281,71.60291638701763,429
33.86208339010281,71.61124972031763,328
33.86208339010281,71.61958305361763,352
33.86208339010281,71.62791638691763,404
33.86208339010281,71.63624972021763,550
33.86208339010281,71.64458305351762,546
33.86208339010281,71.65291638681762,431
33.86208339010281,71.66124972011762,447
33.86208339010281,71.66958305341763,589
33.86208339010281,71.67791638671763,857
33.86208339010281,71.68624972001763,754
33.86208339010281,71.69458305331763,811
33.86208339010281,71.70291638661763,605
33.86208339010281,71.71124971991763,634
33.86208339010281,71.71958305321763,759
33.86208339010281,71.72791638651763,483
33.86208339010281,71.73624971981762,326
33.86208339010281,71.74458305311762,321
33.86208339010281,71.75291638641762,366
33.85375005680281,71.46124972091762,635
33.85375005680281,71.46958305421762,518
33.85375005680281,71.47791638751762,414
33.85375005680281,71.48624972081763,351
33.85375005680281,71.49458305411763,393
33.85375005680281,71.50291638741763,389
33.85375005680281,71.51124972071763,543
33.85375005680281,71.51958305401763,620
33.85375005680281,71.52791638731763,712
33.85375005680281,71.53624972061763,866
33.85375005680281,71.54458305391763,640
33.85375005680281,71.55291638721762,810
33.85375005680281,71.56124972051762,1563
33.85375005680281,71.56958305381762,1799
33.85375005680281,71.57791638711763,1253
33.85375005680281,71.58624972041763,1077
33.85375005680281,71.59458305371763,744
33.85375005680281,71.60291638701763,609
33.85375005680281,71.61124972031763,467
33.85375005680281,71.61958305361763,487
33.85375005680281,71.62791638691763,723
33.85375005680281,71.63624972021763,813
33.85375005680281,71.64458305351762,596
33.85375005680281,71.65291638681762,426
33.85375005680281,71.66124972011762,375
33.85375005680281,71.66958305341763,422
33.85375005680281,71.67791638671763,430
33.85375005680281,71.68624972001763,394
33.85375005680281,71.69458305331763,386
33.85375005680281,71.70291638661763,440
33.85375005680281,71.71124971991763,417
33.85375005680281,71.71958305321763,630
33.85375005680281,71.72791638651763,473
33.85375005680281,71.73624971981762,369
33.85375005680281,71.74458305311762,356
33.85375005680281,71.75291638641762,325
33.84541672350281,71.47791638751762,569
33.84541672350281,71.48624972081763,392
33.84541672350281,71.49458305411763,350
33.84541672350281,71.50291638741763,332
33.84541672350281,71.51124972071763,368
33.84541672350281,71.51958305401763,587
33.84541672350281,71.52791638731763,665
33.84541672350281,71.53624972061763,631
33.84541672350281,71.54458305391763,462
33.84541672350281,71.55291638721762,611
33.84541672350281,71.56124972051762,942
33.84541672350281,71.56958305381762,927
33.84541672350281,71.57791638711763,887
33.84541672350281,71.58624972041763,1204
33.84541672350281,71.59458305371763,769
33.84541672350281,71.60291638701763,664
33.84541672350281,71.61124972031763,680
33.84541672350281,71.61958305361763,583
33.84541672350281,71.62791638691763,735
33.84541672350281,71.63624972021763,700
33.84541672350281,71.64458305351762,453
33.84541672350281,71.65291638681762,348
33.84541672350281,71.66124972011762,291
33.84541672350281,71.66958305341763,277
33.84541672350281,71.67791638671763,255
33.84541672350281,71.68624972001763,262
33.84541672350281,71.69458305331763,270
33.84541672350281,71.70291638661763,319
33.84541672350281,71.71124971991763,339
33.84541672350281,71.71958305321763,435
33.84541672350281,71.72791638651763,515
33.84541672350281,71.73624971981762,478
33.84541672350281,71.74458305311762,364
33.837083390202814,71.47791638751762,713
33.837083390202814,71.48624972081763,490
33.837083390202814,71.49458305411763,443
33.837083390202814,71.50291638741763,332
33.837083390202814,71.51124972071763,306
33.837083390202814,71.51958305401763,428
33.837083390202814,71.52791638731763,671
33.837083390202814,71.53624972061763,766
33.837083390202814,71.54458305391763,540
33.837083390202814,71.55291638721762,453
33.837083390202814,71.56124972051762,836
33.837083390202814,71.56958305381762,992
33.837083390202814,71.57791638711763,817
33.837083390202814,71.58624972041763,974
33.837083390202814,71.59458305371763,857
33.837083390202814,71.60291638701763,604
33.837083390202814,71.61124972031763,447
33.837083390202814,71.61958305361763,503
33.837083390202814,71.62791638691763,399
33.837083390202814,71.63624972021763,348
33.837083390202814,71.64458305351762,314
33.837083390202814,71.65291638681762,362
33.837083390202814,71.66124972011762,316
33.837083390202814,71.66958305341763,262
33.837083390202814,71.67791638671763,221
33.837083390202814,71.68624972001763,213
33.837083390202814,71.69458305331763,215
33.837083390202814,71.70291638661763,226
33.837083390202814,71.71124971991763,250
33.837083390202814,71.71958305321763,313
33.837083390202814,71.72791638651763,507
33.837083390202814,71.73624971981762,625
33.837083390202814,71.74458305311762,349
33.82875005690281,71.49458305411763,537
33.82875005690281,71.50291638741763,341
33.82875005690281,71.51124972071763,322
33.82875005690281,71.51958305401763,430
33.82875005690281,71.52791638731763,527
33.82875005690281,71.53624972061763,911
33.82875005690281,71.54458305391763,853
33.82875005690281,71.55291638721762,548
33.82875005690281,71.56124972051762,1036
33.82875005690281,71.56958305381762,988
33.82875005690281,71.57791638711763,842
33.82875005690281,71.58624972041763,917
33.82875005690281,71.59458305371763,902
33.82875005690281,71.60291638701763,601
33.82875005690281,71.61124972031763,396
33.82875005690281,71.61958305361763,384
33.82875005690281,71.62791638691763,299
33.82875005690281,71.63624972021763,273
33.82875005690281,71.64458305351762,280
33.82875005690281,71.65291638681762,293
33.82875005690281,71.66124972011762,275
33.82875005690281,71.66958305341763,239
33.82875005690281,71.67791638671763,210
33.82875005690281,71.68624972001763,215
33.82875005690281,71.69458305331763,205
33.82875005690281,71.70291638661763,241
33.82875005690281,71.71124971991763,241
33.82875005690281,71.71958305321763,287
33.82875005690281,71.72791638651763,421
33.82875005690281,71.73624971981762,508
33.82875005690281,71.74458305311762,332
33.82041672360281,71.51124972071763,433
33.82041672360281,71.51958305401763,743
33.82041672360281,71.52791638731763,697
33.82041672360281,71.53624972061763,575
33.82041672360281,71.54458305391763,690
33.82041672360281,71.55291638721762,1029
33.82041672360281,71.56124972051762,1519
33.82041672360281,71.56958305381762,847
33.82041672360281,71.57791638711763,475
33.82041672360281,71.58624972041763,402
33.82041672360281,71.59458305371763,398
33.82041672360281,71.60291638701763,394
33.82041672360281,71.61124972031763,450
33.82041672360281,71.61958305361763,422
33.82041672360281,71.62791638691763,287
33.82041672360281,71.63624972021763,267
33.82041672360281,71.64458305351762,264
33.82041672360281,71.65291638681762,261
33.82041672360281,71.66124972011762,247
33.82041672360281,71.66958305341763,220
33.82041672360281,71.67791638671763,219
33.82041672360281,71.68624972001763,234
33.82041672360281,71.69458305331763,214
33.82041672360281,71.70291638661763,208
33.82041672360281,71.71124971991763,218
33.82041672360281,71.71958305321763,322
33.82041672360281,71.72791638651763,502
33.82041672360281,71.73624971981762,536
33.82041672360281,71.74458305311762,344
33.81208339030281,71.51958305401763,536
33.81208339030281,71.52791638731763,520
33.81208339030281,71.53624972061763,529
33.81208339030281,71.54458305391763,699
33.81208339030281,71.55291638721762,1502
33.81208339030281,71.56124972051762,2084
33.81208339030281,71.56958305381762,812
33.81208339030281,71.57791638711763,423
33.81208339030281,71.58624972041763,350
33.81208339030281,71.59458305371763,346
33.81208339030281,71.60291638701763,326
33.81208339030281,71.61124972031763,319
33.81208339030281,71.61958305361763,401
33.81208339030281,71.62791638691763,292
33.81208339030281,71.63624972021763,258
33.81208339030281,71.64458305351762,229
33.81208339030281,71.65291638681762,213
33.81208339030281,71.66124972011762,200
33.81208339030281,71.66958305341763,196
33.81208339030281,71.67791638671763,214
33.81208339030281,71.68624972001763,208
33.81208339030281,71.69458305331763,216
33.81208339030281,71.70291638661763,256
33.81208339030281,71.71124971991763,347
33.81208339030281,71.71958305321763,524
33.81208339030281,71.72791638651763,509
33.81208339030281,71.73624971981762,382
33.81208339030281,71.74458305311762,286
33.81208339030281,71.75291638641762,249
33.80375005700281,71.51958305401763,1033
33.80375005700281,71.52791638731763,619
33.80375005700281,71.53624972061763,587
33.80375005700281,71.54458305391763,914
33.80375005700281,71.55291638721762,2182
33.80375005700281,71.56124972051762,3524
33.80375005700281,71.56958305381762,1416
33.80375005700281,71.57791638711763,658
33.80375005700281,71.58624972041763,632
33.80375005700281,71.59458305371763,749
33.80375005700281,71.60291638701763,445
33.80375005700281,71.61124972031763,320
33.80375005700281,71.61958305361763,350
33.80375005700281,71.62791638691763,293
33.80375005700281,71.63624972021763,245
33.80375005700281,71.64458305351762,216
33.80375005700281,71.65291638681762,219
33.80375005700281,71.66124972011762,195
33.80375005700281,71.66958305341763,195
33.80375005700281,71.67791638671763,185
33.80375005700281,71.68624972001763,197
33.80375005700281,71.69458305331763,277
33.80375005700281,71.70291638661763,385
33.80375005700281,71.71124971991763,496
33.80375005700281,71.71958305321763,552
33.80375005700281,71.72791638651763,410
33.80375005700281,71.73624971981762,317
33.80375005700281,71.74458305311762,252
33.80375005700281,71.75291638641762,209
33.80375005700281,71.76124971971763,208
33.80375005700281,71.76958305301763,176
33.795416723702814,71.51958305401763,984
33.795416723702814,71.52791638731763,666
33.795416723702814,71.53624972061763,528
33.795416723702814,71.54458305391763,983
33.795416723702814,71.55291638721762,2211
33.795416723702814,71.56124972051762,3470
33.795416723702814,71.56958305381762,1738
33.795416723702814,71.57791638711763,1029
33.795416723702814,71.58624972041763,817
33.795416723702814,71.59458305371763,636
33.795416723702814,71.60291638701763,384
33.795416723702814,71.61124972031763,299
33.795416723702814,71.61958305361763,351
33.795416723702814,71.62791638691763,360
33.795416723702814,71.63624972021763,282
33.795416723702814,71.64458305351762,252
33.795416723702814,71.65291638681762,233
33.795416723702814,71.66124972011762,230
33.795416723702814,71.66958305341763,240
33.795416723702814,71.67791638671763,240
33.795416723702814,71.68624972001763,282
33.795416723702814,71.69458305331763,372
33.795416723702814,71.70291638661763,452
33.795416723702814,71.71124971991763,443
33.795416723702814,71.71958305321763,444
33.795416723702814,71.72791638651763,308
33.795416723702814,71.73624971981762,266
33.795416723702814,71.74458305311762,234
33.795416723702814,71.75291638641762,188
33.795416723702814,71.76124971971763,174
33.795416723702814,71.76958305301763,169
33.78708339040281,71.51958305401763,893
33.78708339040281,71.52791638731763,563
33.78708339040281,71.53624972061763,430
33.78708339040281,71.54458305391763,860
33.78708339040281,71.55291638721762,1324
33.78708339040281,71.56124972051762,1547
33.78708339040281,71.56958305381762,1651
33.78708339040281,71.57791638711763,2065
33.78708339040281,71.58624972041763,1202
33.78708339040281,71.59458305371763,647
33.78708339040281,71.60291638701763,485
33.78708339040281,71.61124972031763,287
33.78708339040281,71.61958305361763,293
33.78708339040281,71.62791638691763,315
33.78708339040281,71.63624972021763,327
33.78708339040281,71.64458305351762,313
33.78708339040281,71.65291638681762,293
33.78708339040281,71.66124972011762,312
33.78708339040281,71.66958305341763,358
33.78708339040281,71.67791638671763,414
33.78708339040281,71.68624972001763,375
33.78708339040281,71.69458305331763,421
33.78708339040281,71.70291638661763,383
33.78708339040281,71.71124971991763,341
33.78708339040281,71.71958305321763,351
33.78708339040281,71.72791638651763,257
33.78708339040281,71.73624971981762,189
33.78708339040281,71.74458305311762,177
33.78708339040281,71.75291638641762,170
33.78708339040281,71.76124971971763,178
33.78708339040281,71.76958305301763,205
33.78708339040281,71.77791638631763,186
33.78708339040281,71.78624971961763,154
33.77875005710281,71.51124972071763,784
33.77875005710281,71.51958305401763,705
33.77875005710281,71.52791638731763,359
33.77875005710281,71.53624972061763,475
33.77875005710281,71.54458305391763,728
33.77875005710281,71.55291638721762,769
33.77875005710281,71.56124972051762,772
33.77875005710281,71.56958305381762,1020
33.77875005710281,71.57791638711763,1191
33.77875005710281,71.58624972041763,841
33.77875005710281,71.59458305371763,680
33.77875005710281,71.60291638701763,495
33.77875005710281,71.61124972031763,373
33.77875005710281,71.61958305361763,354
33.77875005710281,71.62791638691763,397
33.77875005710281,71.63624972021763,508
33.77875005710281,71.64458305351762,527
33.77875005710281,71.65291638681762,495
33.77875005710281,71.66124972011762,510
33.77875005710281,71.66958305341763,493
33.77875005710281,71.67791638671763,438
33.77875005710281,71.68624972001763,461
33.77875005710281,71.69458305331763,433
33.77875005710281,71.70291638661763,384
33.77875005710281,71.71124971991763,299
33.77875005710281,71.71958305321763,298
33.77875005710281,71.72791638651763,214
33.77875005710281,71.73624971981762,187
33.77875005710281,71.74458305311762,203
33.77875005710281,71.75291638641762,208
33.77875005710281,71.76124971971763,238
33.77875005710281,71.76958305301763,286
33.77875005710281,71.77791638631763,270
33.77875005710281,71.78624971961763,248
33.77875005710281,71.79458305291763,223
33.77875005710281,71.80291638621763,224
33.77875005710281,71.81124971951763,213
33.77875005710281,71.81958305281763,206
33.77875005710281,71.82791638611762,183
33.77875005710281,71.83624971941762,182
33.77875005710281,71.84458305271762,183
33.77041672380281,71.51124972071763,724
33.77041672380281,71.51958305401763,309
33.77041672380281,71.52791638731763,358
33.77041672380281,71.53624972061763,647
33.77041672380281,71.54458305391763,618
33.77041672380281,71.55291638721762,461
33.77041672380281,71.56124972051762,587
33.77041672380281,71.56958305381762,772
33.77041672380281,71.57791638711763,626
33.77041672380281,71.58624972041763,897
33.77041672380281,71.59458305371763,693
33.77041672380281,71.60291638701763,611
33.77041672380281,71.61124972031763,613
33.77041672380281,71.61958305361763,561
33.77041672380281,71.62791638691763,549
33.77041672380281,71.63624972021763,563
33.77041672380281,71.64458305351762,558
33.77041672380281,71.65291638681762,587
33.77041672380281,71.66124972011762,581
33.77041672380281,71.66958305341763,552
33.77041672380281,71.67791638671763,568
33.77041672380281,71.68624972001763,533
33.77041672380281,71.69458305331763,466
33.77041672380281,71.70291638661763,314
33.77041672380281,71.71124971991763,264
33.77041672380281,71.71958305321763,320
33.77041672380281,71.72791638651763,282
33.77041672380281,71.73624971981762,223
33.77041672380281,71.74458305311762,184
33.77041672380281,71.75291638641762,179
33.77041672380281,71.76124971971763,178
33.77041672380281,71.76958305301763,197
33.77041672380281,71.77791638631763,211
33.77041672380281,71.78624971961763,265
33.77041672380281,71.79458305291763,233
33.77041672380281,71.80291638621763,212
33.77041672380281,71.81124971951763,200
33.77041672380281,71.81958305281763,188
33.77041672380281,71.82791638611762,194
33.77041672380281,71.83624971941762,207
33.77041672380281,71.84458305271762,238
33.76208339050281,71.50291638741763,956
33.76208339050281,71.51124972071763,428
33.76208339050281,71.51958305401763,284
33.76208339050281,71.52791638731763,510
33.76208339050281,71.53624972061763,702
33.76208339050281,71.54458305391763,411
33.76208339050281,71.55291638721762,438
33.76208339050281,71.56124972051762,480
33.76208339050281,71.56958305381762,525
33.76208339050281,71.57791638711763,586
33.76208339050281,71.58624972041763,741
33.76208339050281,71.59458305371763,834
33.76208339050281,71.60291638701763,708
33.76208339050281,71.61124972031763,665
33.76208339050281,71.61958305361763,515
33.76208339050281,71.62791638691763,568
33.76208339050281,71.63624972021763,515
33.76208339050281,71.64458305351762,500
33.76208339050281,71.65291638681762,510
33.76208339050281,71.66124972011762,499
33.76208339050281,71.66958305341763,486
33.76208339050281,71.67791638671763,435
33.76208339050281,71.68624972001763,441
33.76208339050281,71.69458305331763,390
33.76208339050281,71.70291638661763,277
33.76208339050281,71.71124971991763,258
33.76208339050281,71.71958305321763,333
33.76208339050281,71.72791638651763,347
33.76208339050281,71.73624971981762,269
33.76208339050281,71.74458305311762,190
33.76208339050281,71.75291638641762,163
33.76208339050281,71.76124971971763,148
33.76208339050281,71.76958305301763,169
33.76208339050281,71.77791638631763,175
33.76208339050281,71.78624971961763,183
33.76208339050281,71.79458305291763,183
33.76208339050281,71.80291638621763,183
33.76208339050281,71.81124971951763,175
33.76208339050281,71.81958305281763,187
33.76208339050281,71.82791638611762,198
33.76208339050281,71.83624971941762,210
33.76208339050281,71.84458305271762,221
33.76208339050281,71.85291638601763,232
33.753750057202815,71.51124972071763,360
33.753750057202815,71.51958305401763,451
33.753750057202815,71.52791638731763,482
33.753750057202815,71.53624972061763,458
33.753750057202815,71.54458305391763,405
33.753750057202815,71.55291638721762,493
33.753750057202815,71.56124972051762,436
33.753750057202815,71.56958305381762,397
33.753750057202815,71.57791638711763,514
33.753750057202815,71.58624972041763,528
33.753750057202815,71.59458305371763,542
33.753750057202815,71.60291638701763,603
33.753750057202815,71.61124972031763,593
33.753750057202815,71.61958305361763,552
33.753750057202815,71.62791638691763,557
33.753750057202815,71.63624972021763,519
33.753750057202815,71.64458305351762,433
33.753750057202815,71.65291638681762,477
33.753750057202815,71.66124972011762,510
33.753750057202815,71.66958305341763,431
33.753750057202815,71.67791638671763,439
33.753750057202815,71.68624972001763,428
33.753750057202815,71.69458305331763,308
33.753750057202815,71.70291638661763,263
33.753750057202815,71.71124971991763,266
33.753750057202815,71.71958305321763,290
33.753750057202815,71.72791638651763,268
33.753750057202815,71.73624971981762,208
33.753750057202815,71.74458305311762,171
33.753750057202815,71.75291638641762,156
33.753750057202815,71.76124971971763,121
33.753750057202815,71.76958305301763,137
33.753750057202815,71.77791638631763,177
33.753750057202815,71.78624971961763,190
33.753750057202815,71.79458305291763,161
33.753750057202815,71.80291638621763,163
33.753750057202815,71.81124971951763,168
33.753750057202815,71.81958305281763,182
33.753750057202815,71.82791638611762,211
33.753750057202815,71.83624971941762,239
33.753750057202815,71.84458305271762,224
33.753750057202815,71.85291638601763,205
33.745416723902814,71.51124972071763,518
33.745416723902814,71.51958305401763,610
33.745416723902814,71.52791638731763,462
33.745416723902814,71.53624972061763,512
33.745416723902814,71.54458305391763,482
33.745416723902814,71.55291638721762,464
33.745416723902814,71.56124972051762,476
33.745416723902814,71.56958305381762,346
33.745416723902814,71.57791638711763,471
33.745416723902814,71.58624972041763,550
33.745416723902814,71.59458305371763,449
33.745416723902814,71.60291638701763,469
33.745416723902814,71.61124972031763,469
33.745416723902814,71.61958305361763,464
33.745416723902814,71.62791638691763,503
33.745416723902814,71.63624972021763,494
33.745416723902814,71.64458305351762,485
33.745416723902814,71.65291638681762,394
33.745416723902814,71.66124972011762,319
33.745416723902814,71.66958305341763,320
33.745416723902814,71.67791638671763,261
33.745416723902814,71.68624972001763,229
33.745416723902814,71.69458305331763,192
33.745416723902814,71.70291638661763,202
33.745416723902814,71.71124971991763,231
33.745416723902814,71.71958305321763,254
33.745416723902814,71.72791638651763,241
33.745416723902814,71.73624971981762,186
33.745416723902814,71.74458305311762,162
33.745416723902814,71.75291638641762,129
33.745416723902814,71.76124971971763,87
33.745416723902814,71.76958305301763,103
33.745416723902814,71.77791638631763,140
33.745416723902814,71.78624971961763,135
33.745416723902814,71.79458305291763,135
33.745416723902814,71.80291638621763,153
33.745416723902814,71.81124971951763,175
33.745416723902814,71.81958305281763,192
33.745416723902814,71.82791638611762,214
33.745416723902814,71.83624971941762,213
33.745416723902814,71.84458305271762,167
33.745416723902814,71.85291638601763,135
33.73708339060281,71.51958305401763,665
33.73708339060281,71.52791638731763,493
33.73708339060281,71.53624972061763,514
33.73708339060281,71.54458305391763,500
33.73708339060281,71.55291638721762,535
33.73708339060281,71.56124972051762,492
33.73708339060281,71.56958305381762,394
33.73708339060281,71.57791638711763,365
33.73708339060281,71.58624972041763,457
33.73708339060281,71.59458305371763,459
33.73708339060281,71.60291638701763,484
33.73708339060281,71.61124972031763,599
33.73708339060281,71.61958305361763,437
33.73708339060281,71.62791638691763,382
33.73708339060281,71.63624972021763,387
33.73708339060281,71.64458305351762,408
33.73708339060281,71.65291638681762,286
33.73708339060281,71.66124972011762,229
33.73708339060281,71.66958305341763,226
33.73708339060281,71.67791638671763,199
33.73708339060281,71.68624972001763,183
33.73708339060281,71.69458305331763,187
33.73708339060281,71.70291638661763,235
33.73708339060281,71.71124971991763,260
33.73708339060281,71.71958305321763,213
33.73708339060281,71.72791638651763,188
33.73708339060281,71.73624971981762,163
33.73708339060281,71.74458305311762,166
33.73708339060281,71.75291638641762,99
33.73708339060281,71.76124971971763,75
33.73708339060281,71.76958305301763,90
33.73708339060281,71.77791638631763,112
33.73708339060281,71.78624971961763,125
33.73708339060281,71.79458305291763,130
33.73708339060281,71.80291638621763,139
33.73708339060281,71.81124971951763,148
33.73708339060281,71.81958305281763,152
33.73708339060281,71.82791638611762,155
33.73708339060281,71.83624971941762,148
33.73708339060281,71.84458305271762,137
33.72875005730281,71.54458305391763,579
33.72875005730281,71.55291638721762,630
33.72875005730281,71.56124972051762,555
33.72875005730281,71.56958305381762,440
33.72875005730281,71.57791638711763,384
33.72875005730281,71.58624972041763,378
33.72875005730281,71.59458305371763,370
33.72875005730281,71.60291638701763,368
33.72875005730281,71.61124972031763,360
33.72875005730281,71.61958305361763,313
33.72875005730281,71.62791638691763,288
33.72875005730281,71.63624972021763,285
33.72875005730281,71.64458305351762,269
33.72875005730281,71.65291638681762,254
33.72875005730281,71.66124972011762,241
33.72875005730281,71.66958305341763,213
33.72875005730281,71.67791638671763,228
33.72875005730281,71.68624972001763,260
33.72875005730281,71.69458305331763,252
33.72875005730281,71.70291638661763,249
33.72875005730281,71.71124971991763,210
33.72875005730281,71.71958305321763,173
33.72875005730281,71.72791638651763,146
33.72875005730281,71.73624971981762,149
33.72875005730281,71.74458305311762,146
33.72875005730281,71.75291638641762,122
33.72875005730281,71.76124971971763,127
33.72875005730281,71.76958305301763,110
33.72875005730281,71.77791638631763,105
33.72875005730281,71.78624971961763,109
33.72875005730281,71.79458305291763,113
33.72875005730281,71.80291638621763,117
33.72875005730281,71.81124971951763,97
33.72875005730281,71.81958305281763,93
33.72875005730281,71.82791638611762,116
33.72875005730281,71.83624971941762,129
33.72041672400281,71.55291638721762,429
33.72041672400281,71.56124972051762,436
33.72041672400281,71.56958305381762,412
33.72041672400281,71.57791638711763,281
33.72041672400281,71.58624972041763,237
33.72041672400281,71.59458305371763,232
33.72041672400281,71.60291638701763,246
33.72041672400281,71.61124972031763,281
33.72041672400281,71.61958305361763,295
33.72041672400281,71.62791638691763,276
33.72041672400281,71.63624972021763,234
33.72041672400281,71.64458305351762,231
33.72041672400281,71.65291638681762,267
33.72041672400281,71.66124972011762,318
33.72041672400281,71.66958305341763,239
33.72041672400281,71.67791638671763,224
33.72041672400281,71.68624972001763,199
33.72041672400281,71.69458305331763,190
33.72041672400281,71.70291638661763,173
33.72041672400281,71.71124971991763,141
33.72041672400281,71.71958305321763,156
33.72041672400281,71.72791638651763,148
33.72041672400281,71.73624971981762,149
33.72041672400281,71.74458305311762,143
33.72041672400281,71.75291638641762,130
33.72041672400281,71.76124971971763,115
33.72041672400281,71.76958305301763,108
33.72041672400281,71.77791638631763,96
33.72041672400281,71.78624971961763,89
33.72041672400281,71.79458305291763,78
33.72041672400281,71.80291638621763,73
33.72041672400281,71.81124971951763,64
33.72041672400281,71.81958305281763,76
33.72041672400281,71.82791638611762,93
33.71208339070281,71.55291638721762,261
33.71208339070281,71.56124972051762,344
33.71208339070281,71.56958305381762,446
33.71208339070281,71.57791638711763,296
33.71208339070281,71.58624972041763,267
33.71208339070281,71.59458305371763,281
33.71208339070281,71.60291638701763,283
33.71208339070281,71.61124972031763,288
33.71208339070281,71.61958305361763,369
33.71208339070281,71.62791638691763,373
33.71208339070281,71.63624972021763,334
33.71208339070281,71.64458305351762,245
33.71208339070281,71.65291638681762,258
33.71208339070281,71.66124972011762,258
33.71208339070281,71.66958305341763,204
33.71208339070281,71.67791638671763,188
33.71208339070281,71.68624972001763,178
33.71208339070281,71.69458305331763,152
33.71208339070281,71.70291638661763,153
33.71208339070281,71.71124971991763,124
33.71208339070281,71.71958305321763,169
33.71208339070281,71.72791638651763,168
33.71208339070281,71.73624971981762,140
33.71208339070281,71.74458305311762,125
33.71208339070281,71.75291638641762,111
33.71208339070281,71.76124971971763,102
33.71208339070281,71.76958305301763,99
33.71208339070281,71.77791638631763,79
33.71208339070281,71.78624971961763,66
33.71208339070281,71.79458305291763,77
33.71208339070281,71.80291638621763,73
33.71208339070281,71.81124971951763,81
33.71208339070281,71.81958305281763,92
33.703750057402814,71.55291638721762,192
33.703750057402814,71.56124972051762,177
33.703750057402814,71.56958305381762,220
33.703750057402814,71.57791638711763,231
33.703750057402814,71.58624972041763,245
33.703750057402814,71.59458305371763,248
33.703750057402814,71.60291638701763,230
33.703750057402814,71.61124972031763,242
33.703750057402814,71.61958305361763,304
33.703750057402814,71.62791638691763,296
33.703750057402814,71.63624972021763,265
33.703750057402814,71.64458305351762,191
33.703750057402814,71.65291638681762,156
33.703750057402814,71.66124972011762,154
33.703750057402814,71.66958305341763,161
33.703750057402814,71.71124971991763,118
33.703750057402814,71.71958305321763,148
33.703750057402814,71.72791638651763,141
33.703750057402814,71.73624971981762,131
33.703750057402814,71.74458305311762,115
33.703750057402814,71.75291638641762,102
33.703750057402814,71.76124971971763,86
33.703750057402814,71.76958305301763,75
33.703750057402814,71.77791638631763,64
33.703750057402814,71.78624971961763,56
33.703750057402814,71.79458305291763,62
33.703750057402814,71.80291638621763,59
33.703750057402814,71.81124971951763,66
33.69541672410281,71.56958305381762,167
33.69541672410281,71.57791638711763,190
33.69541672410281,71.58624972041763,188
33.69541672410281,71.59458305371763,181
33.69541672410281,71.60291638701763,175
33.69541672410281,71.61124972031763,216
33.69541672410281,71.61958305361763,207
33.69541672410281,71.62791638691763,172
33.69541672410281,71.63624972021763,166
33.69541672410281,71.64458305351762,154
33.69541672410281,71.70291638661763,129
33.69541672410281,71.71124971991763,163
33.69541672410281,71.71958305321763,155
33.69541672410281,71.72791638651763,146
33.69541672410281,71.73624971981762,145
33.69541672410281,71.74458305311762,129
33.69541672410281,71.75291638641762,97
33.69541672410281,71.76124971971763,70
33.69541672410281,71.76958305301763,61
33.69541672410281,71.77791638631763,54
33.69541672410281,71.78624971961763,63
33.69541672410281,71.79458305291763,70
33.69541672410281,71.80291638621763,67
33.68708339080281,71.57791638711763,125
33.68708339080281,71.58624972041763,158
33.68708339080281,71.59458305371763,160
33.68708339080281,71.60291638701763,176
33.68708339080281,71.61124972031763,185
33.68708339080281,71.61958305361763,169
33.68708339080281,71.69458305331763,185
33.68708339080281,71.70291638661763,233
33.68708339080281,71.71124971991763,195
33.68708339080281,71.71958305321763,169
33.68708339080281,71.72791638651763,158
33.68708339080281,71.73624971981762,151
33.68708339080281,71.76124971971763,65
33.68708339080281,71.76958305301763,57
33.68708339080281,71.77791638631763,65
33.68708339080281,71.78624971961763,67
33.67875005750281,71.68624972001763,142
33.67875005750281,71.69458305331763,224
33.67875005750281,71.70291638661763,314
33.67875005750281,71.71124971991763,217
33.67875005750281,71.71958305321763,221
33.67875005750281,71.72791638651763,164
33.67875005750281,71.73624971981762,126
33.67041672420281,71.68624972001763,150
33.67041672420281,71.69458305331763,244
33.67041672420281,71.70291638661763,200
33.67041672420281,71.71124971991763,229
33.67041672420281,71.71958305321763,265
33.67041672420281,71.72791638651763,306
33.67041672420281,71.73624971981762,182
33.662083390902815,71.68624972001763,135
33.662083390902815,71.69458305331763,138
